"id","sales"
3000888,3.42733
3000889,0
3002670,4.5207019
3002671,0
3004452,4.773222
3004453,0
3006234,6.3168807
3006235,0
3008016,2.2092721
3008017,0
3009798,1.3176624
3009799,0
3011580,4.4343405
3011581,0
3013362,4.1178498
3013363,0
3015144,4.6629052
3015145,0
3016926,3.9108913
3016927,0
3018708,5.5227695
3018709,0
3020490,1.6386505
3020491,0
3022272,2.0321672
3022273,0
3024054,4.4226174
3024055,0
3025836,3.3629689
3025837,0
3027618,1.5100951
3027619,0
